id,user_id,ip_address,user_agent,created_at,updated_at
1,1,127.0.0.1,"Mozilla/5.0 (Macintosh; Intel Mac OS X 10_15_7) AppleWebKit/537.36 (KHTML, like Gecko) Chrome/137.0.0.0 Safari/537.36","2025-06-09 09:26:25","2025-06-09 09:26:25"
2,1,127.0.0.1,"Mozilla/5.0 (Macintosh; Intel Mac OS X 10_15_7) AppleWebKit/537.36 (KHTML, like Gecko) Chrome/137.0.0.0 Safari/537.36","2025-06-09 09:26:25","2025-06-09 09:26:25"
3,1,127.0.0.1,"Mozilla/5.0 (Macintosh; Intel Mac OS X 10_15_7) AppleWebKit/537.36 (KHTML, like Gecko) Chrome/137.0.0.0 Safari/537.36","2025-06-09 09:27:02","2025-06-09 09:27:02"
4,1,127.0.0.1,"Mozilla/5.0 (Macintosh; Intel Mac OS X 10_15_7) AppleWebKit/537.36 (KHTML, like Gecko) Chrome/137.0.0.0 Safari/537.36","2025-06-09 09:27:02","2025-06-09 09:27:02"
5,1,127.0.0.1,"Mozilla/5.0 (Macintosh; Intel Mac OS X 10_15_7) AppleWebKit/537.36 (KHTML, like Gecko) Chrome/137.0.0.0 Safari/537.36","2025-06-09 14:31:21","2025-06-09 14:31:21"
6,1,127.0.0.1,"Mozilla/5.0 (Macintosh; Intel Mac OS X 10_15_7) AppleWebKit/537.36 (KHTML, like Gecko) Chrome/137.0.0.0 Safari/537.36","2025-06-09 14:31:21","2025-06-09 14:31:21"
13,4,127.0.0.1,"Mozilla/5.0 (Macintosh; Intel Mac OS X 10_15_7) AppleWebKit/605.1.15 (KHTML, like Gecko) Version/16.1 Safari/605.1.15","2025-06-09 15:14:18","2025-06-09 15:14:18"
14,4,127.0.0.1,"Mozilla/5.0 (Macintosh; Intel Mac OS X 10_15_7) AppleWebKit/605.1.15 (KHTML, like Gecko) Version/16.1 Safari/605.1.15","2025-06-09 15:14:18","2025-06-09 15:14:18"
23,7,127.0.0.1,"Mozilla/5.0 (Macintosh; Intel Mac OS X 10_15_7) AppleWebKit/605.1.15 (KHTML, like Gecko) Version/16.1 Safari/605.1.15","2025-06-09 15:34:32","2025-06-09 15:34:32"
24,7,127.0.0.1,"Mozilla/5.0 (Macintosh; Intel Mac OS X 10_15_7) AppleWebKit/605.1.15 (KHTML, like Gecko) Version/16.1 Safari/605.1.15","2025-06-09 15:34:32","2025-06-09 15:34:32"
25,1,127.0.0.1,"Mozilla/5.0 (Macintosh; Intel Mac OS X 10_15_7) AppleWebKit/537.36 (KHTML, like Gecko) Chrome/137.0.0.0 Safari/537.36","2025-06-09 17:12:48","2025-06-09 17:12:48"
26,1,127.0.0.1,"Mozilla/5.0 (Macintosh; Intel Mac OS X 10_15_7) AppleWebKit/537.36 (KHTML, like Gecko) Chrome/137.0.0.0 Safari/537.36","2025-06-09 17:12:48","2025-06-09 17:12:48"
27,1,127.0.0.1,"Mozilla/5.0 (Macintosh; Intel Mac OS X 10_15_7) AppleWebKit/537.36 (KHTML, like Gecko) Chrome/137.0.0.0 Safari/537.36","2025-06-09 17:42:26","2025-06-09 17:42:26"
28,1,127.0.0.1,"Mozilla/5.0 (Macintosh; Intel Mac OS X 10_15_7) AppleWebKit/537.36 (KHTML, like Gecko) Chrome/137.0.0.0 Safari/537.36","2025-06-09 17:42:27","2025-06-09 17:42:27"
29,1,127.0.0.1,"Mozilla/5.0 (Macintosh; Intel Mac OS X 10_15_7) AppleWebKit/537.36 (KHTML, like Gecko) Chrome/137.0.0.0 Safari/537.36","2025-06-09 17:45:52","2025-06-09 17:45:52"
30,1,127.0.0.1,"Mozilla/5.0 (Macintosh; Intel Mac OS X 10_15_7) AppleWebKit/537.36 (KHTML, like Gecko) Chrome/137.0.0.0 Safari/537.36","2025-06-09 17:45:53","2025-06-09 17:45:53"
31,1,127.0.0.1,"Mozilla/5.0 (Macintosh; Intel Mac OS X 10_15_7) AppleWebKit/537.36 (KHTML, like Gecko) Chrome/137.0.0.0 Safari/537.36","2025-06-09 17:50:21","2025-06-09 17:50:21"
32,1,127.0.0.1,"Mozilla/5.0 (Macintosh; Intel Mac OS X 10_15_7) AppleWebKit/537.36 (KHTML, like Gecko) Chrome/137.0.0.0 Safari/537.36","2025-06-09 17:50:21","2025-06-09 17:50:21"
33,1,127.0.0.1,"Mozilla/5.0 (Macintosh; Intel Mac OS X 10_15_7) AppleWebKit/537.36 (KHTML, like Gecko) Chrome/137.0.0.0 Safari/537.36","2025-06-09 17:50:59","2025-06-09 17:50:59"
34,1,127.0.0.1,"Mozilla/5.0 (Macintosh; Intel Mac OS X 10_15_7) AppleWebKit/537.36 (KHTML, like Gecko) Chrome/137.0.0.0 Safari/537.36","2025-06-09 17:50:59","2025-06-09 17:50:59"
35,1,127.0.0.1,"Mozilla/5.0 (Macintosh; Intel Mac OS X 10_15_7) AppleWebKit/537.36 (KHTML, like Gecko) Chrome/137.0.0.0 Safari/537.36","2025-06-09 17:53:17","2025-06-09 17:53:17"
36,1,127.0.0.1,"Mozilla/5.0 (Macintosh; Intel Mac OS X 10_15_7) AppleWebKit/537.36 (KHTML, like Gecko) Chrome/137.0.0.0 Safari/537.36","2025-06-09 17:53:17","2025-06-09 17:53:17"
37,1,127.0.0.1,"Mozilla/5.0 (Macintosh; Intel Mac OS X 10_15_7) AppleWebKit/537.36 (KHTML, like Gecko) Chrome/137.0.0.0 Safari/537.36","2025-06-09 17:53:34","2025-06-09 17:53:34"
38,1,127.0.0.1,"Mozilla/5.0 (Macintosh; Intel Mac OS X 10_15_7) AppleWebKit/537.36 (KHTML, like Gecko) Chrome/137.0.0.0 Safari/537.36","2025-06-09 17:53:34","2025-06-09 17:53:34"
39,10,127.0.0.1,"Mozilla/5.0 (Macintosh; Intel Mac OS X 10_15_7) AppleWebKit/537.36 (KHTML, like Gecko) Chrome/137.0.0.0 Safari/537.36","2025-06-09 17:56:05","2025-06-09 17:56:05"
40,10,127.0.0.1,"Mozilla/5.0 (Macintosh; Intel Mac OS X 10_15_7) AppleWebKit/537.36 (KHTML, like Gecko) Chrome/137.0.0.0 Safari/537.36","2025-06-09 17:56:05","2025-06-09 17:56:05"
41,10,127.0.0.1,"Mozilla/5.0 (Macintosh; Intel Mac OS X 10_15_7) AppleWebKit/537.36 (KHTML, like Gecko) Chrome/137.0.0.0 Safari/537.36","2025-06-09 17:56:49","2025-06-09 17:56:49"
42,10,127.0.0.1,"Mozilla/5.0 (Macintosh; Intel Mac OS X 10_15_7) AppleWebKit/537.36 (KHTML, like Gecko) Chrome/137.0.0.0 Safari/537.36","2025-06-09 17:56:49","2025-06-09 17:56:49"
43,1,127.0.0.1,"Mozilla/5.0 (Macintosh; Intel Mac OS X 10_15_7) AppleWebKit/537.36 (KHTML, like Gecko) Chrome/137.0.0.0 Safari/537.36","2025-06-09 17:57:15","2025-06-09 17:57:15"
44,1,127.0.0.1,"Mozilla/5.0 (Macintosh; Intel Mac OS X 10_15_7) AppleWebKit/537.36 (KHTML, like Gecko) Chrome/137.0.0.0 Safari/537.36","2025-06-09 17:57:15","2025-06-09 17:57:15"
45,11,127.0.0.1,"Mozilla/5.0 (Macintosh; Intel Mac OS X 10_15_7) AppleWebKit/537.36 (KHTML, like Gecko) Chrome/137.0.0.0 Safari/537.36","2025-06-09 18:00:00","2025-06-09 18:00:00"
46,11,127.0.0.1,"Mozilla/5.0 (Macintosh; Intel Mac OS X 10_15_7) AppleWebKit/537.36 (KHTML, like Gecko) Chrome/137.0.0.0 Safari/537.36","2025-06-09 18:00:00","2025-06-09 18:00:00"
47,1,127.0.0.1,"Mozilla/5.0 (Macintosh; Intel Mac OS X 10_15_7) AppleWebKit/537.36 (KHTML, like Gecko) Chrome/137.0.0.0 Safari/537.36","2025-06-09 18:00:17","2025-06-09 18:00:17"
48,1,127.0.0.1,"Mozilla/5.0 (Macintosh; Intel Mac OS X 10_15_7) AppleWebKit/537.36 (KHTML, like Gecko) Chrome/137.0.0.0 Safari/537.36","2025-06-09 18:00:17","2025-06-09 18:00:17"
49,1,127.0.0.1,"Mozilla/5.0 (Macintosh; Intel Mac OS X 10_15_7) AppleWebKit/537.36 (KHTML, like Gecko) Chrome/137.0.0.0 Safari/537.36","2025-06-09 19:11:24","2025-06-09 19:11:24"
50,1,127.0.0.1,"Mozilla/5.0 (Macintosh; Intel Mac OS X 10_15_7) AppleWebKit/537.36 (KHTML, like Gecko) Chrome/137.0.0.0 Safari/537.36","2025-06-09 19:11:24","2025-06-09 19:11:24"
51,1,127.0.0.1,"Mozilla/5.0 (Macintosh; Intel Mac OS X 10_15_7) AppleWebKit/537.36 (KHTML, like Gecko) Chrome/137.0.0.0 Safari/537.36","2025-06-09 19:11:41","2025-06-09 19:11:41"
52,1,127.0.0.1,"Mozilla/5.0 (Macintosh; Intel Mac OS X 10_15_7) AppleWebKit/537.36 (KHTML, like Gecko) Chrome/137.0.0.0 Safari/537.36","2025-06-09 19:11:41","2025-06-09 19:11:41"
53,1,127.0.0.1,"Mozilla/5.0 (Macintosh; Intel Mac OS X 10_15_7) AppleWebKit/537.36 (KHTML, like Gecko) Chrome/137.0.0.0 Safari/537.36","2025-06-09 19:31:57","2025-06-09 19:31:57"
54,1,127.0.0.1,"Mozilla/5.0 (Macintosh; Intel Mac OS X 10_15_7) AppleWebKit/537.36 (KHTML, like Gecko) Chrome/137.0.0.0 Safari/537.36","2025-06-09 19:31:57","2025-06-09 19:31:57"
55,1,127.0.0.1,"Mozilla/5.0 (Macintosh; Intel Mac OS X 10_15_7) AppleWebKit/537.36 (KHTML, like Gecko) Chrome/137.0.0.0 Safari/537.36","2025-06-09 19:32:16","2025-06-09 19:32:16"
56,1,127.0.0.1,"Mozilla/5.0 (Macintosh; Intel Mac OS X 10_15_7) AppleWebKit/537.36 (KHTML, like Gecko) Chrome/137.0.0.0 Safari/537.36","2025-06-09 19:32:16","2025-06-09 19:32:16"
57,1,127.0.0.1,"Mozilla/5.0 (Macintosh; Intel Mac OS X 10_15_7) AppleWebKit/537.36 (KHTML, like Gecko) Chrome/137.0.0.0 Safari/537.36","2025-06-10 13:34:25","2025-06-10 13:34:25"
58,1,127.0.0.1,"Mozilla/5.0 (Macintosh; Intel Mac OS X 10_15_7) AppleWebKit/537.36 (KHTML, like Gecko) Chrome/137.0.0.0 Safari/537.36","2025-06-10 13:34:25","2025-06-10 13:34:25"
59,1,127.0.0.1,"Mozilla/5.0 (Macintosh; Intel Mac OS X 10_15_7) AppleWebKit/537.36 (KHTML, like Gecko) Chrome/137.0.0.0 Safari/537.36","2025-06-10 14:34:14","2025-06-10 14:34:14"
60,1,127.0.0.1,"Mozilla/5.0 (Macintosh; Intel Mac OS X 10_15_7) AppleWebKit/537.36 (KHTML, like Gecko) Chrome/137.0.0.0 Safari/537.36","2025-06-10 14:34:14","2025-06-10 14:34:14"
61,1,127.0.0.1,"Mozilla/5.0 (Macintosh; Intel Mac OS X 10_15_7) AppleWebKit/537.36 (KHTML, like Gecko) Chrome/137.0.0.0 Safari/537.36","2025-06-10 18:57:19","2025-06-10 18:57:19"
62,1,127.0.0.1,"Mozilla/5.0 (Macintosh; Intel Mac OS X 10_15_7) AppleWebKit/537.36 (KHTML, like Gecko) Chrome/137.0.0.0 Safari/537.36","2025-06-10 18:57:19","2025-06-10 18:57:19"
63,9,127.0.0.1,"Mozilla/5.0 (Macintosh; Intel Mac OS X 10_15_7) AppleWebKit/605.1.15 (KHTML, like Gecko) Version/16.1 Safari/605.1.15","2025-06-10 20:52:03","2025-06-10 20:52:03"
64,9,127.0.0.1,"Mozilla/5.0 (Macintosh; Intel Mac OS X 10_15_7) AppleWebKit/605.1.15 (KHTML, like Gecko) Version/16.1 Safari/605.1.15","2025-06-10 20:52:03","2025-06-10 20:52:03"
65,1,127.0.0.1,"Mozilla/5.0 (Macintosh; Intel Mac OS X 10_15_7) AppleWebKit/537.36 (KHTML, like Gecko) Chrome/137.0.0.0 Safari/537.36","2025-06-11 12:01:00","2025-06-11 12:01:00"
66,1,127.0.0.1,"Mozilla/5.0 (Macintosh; Intel Mac OS X 10_15_7) AppleWebKit/537.36 (KHTML, like Gecko) Chrome/137.0.0.0 Safari/537.36","2025-06-11 12:01:00","2025-06-11 12:01:00"
67,1,127.0.0.1,"Mozilla/5.0 (Macintosh; Intel Mac OS X 10_15_7) AppleWebKit/537.36 (KHTML, like Gecko) Chrome/137.0.0.0 Safari/537.36","2025-06-11 18:42:08","2025-06-11 18:42:08"
68,1,127.0.0.1,"Mozilla/5.0 (Macintosh; Intel Mac OS X 10_15_7) AppleWebKit/537.36 (KHTML, like Gecko) Chrome/137.0.0.0 Safari/537.36","2025-06-11 18:42:08","2025-06-11 18:42:08"
69,1,127.0.0.1,"Mozilla/5.0 (Macintosh; Intel Mac OS X 10_15_7) AppleWebKit/537.36 (KHTML, like Gecko) Chrome/137.0.0.0 Safari/537.36","2025-06-12 06:22:22","2025-06-12 06:22:22"
70,1,127.0.0.1,"Mozilla/5.0 (Macintosh; Intel Mac OS X 10_15_7) AppleWebKit/537.36 (KHTML, like Gecko) Chrome/137.0.0.0 Safari/537.36","2025-06-12 06:22:22","2025-06-12 06:22:22"
71,1,127.0.0.1,"Mozilla/5.0 (Macintosh; Intel Mac OS X 10_15_7) AppleWebKit/537.36 (KHTML, like Gecko) Chrome/137.0.0.0 Safari/537.36","2025-06-12 06:59:46","2025-06-12 06:59:46"
72,1,127.0.0.1,"Mozilla/5.0 (Macintosh; Intel Mac OS X 10_15_7) AppleWebKit/537.36 (KHTML, like Gecko) Chrome/137.0.0.0 Safari/537.36","2025-06-12 06:59:46","2025-06-12 06:59:46"
73,8,127.0.0.1,"Mozilla/5.0 (Macintosh; Intel Mac OS X 10_15_7) AppleWebKit/605.1.15 (KHTML, like Gecko) Version/16.1 Safari/605.1.15","2025-06-12 09:42:37","2025-06-12 09:42:37"
74,8,127.0.0.1,"Mozilla/5.0 (Macintosh; Intel Mac OS X 10_15_7) AppleWebKit/605.1.15 (KHTML, like Gecko) Version/16.1 Safari/605.1.15","2025-06-12 09:42:37","2025-06-12 09:42:37"
75,8,127.0.0.1,"Mozilla/5.0 (Macintosh; Intel Mac OS X 10_15_7) AppleWebKit/605.1.15 (KHTML, like Gecko) Version/16.1 Safari/605.1.15","2025-06-12 09:45:37","2025-06-12 09:45:37"
76,8,127.0.0.1,"Mozilla/5.0 (Macintosh; Intel Mac OS X 10_15_7) AppleWebKit/605.1.15 (KHTML, like Gecko) Version/16.1 Safari/605.1.15","2025-06-12 09:45:37","2025-06-12 09:45:37"
77,8,127.0.0.1,"Mozilla/5.0 (Macintosh; Intel Mac OS X 10_15_7) AppleWebKit/605.1.15 (KHTML, like Gecko) Version/16.1 Safari/605.1.15","2025-06-12 09:45:51","2025-06-12 09:45:51"
78,8,127.0.0.1,"Mozilla/5.0 (Macintosh; Intel Mac OS X 10_15_7) AppleWebKit/605.1.15 (KHTML, like Gecko) Version/16.1 Safari/605.1.15","2025-06-12 09:45:51","2025-06-12 09:45:51"
79,1,127.0.0.1,"Mozilla/5.0 (Macintosh; Intel Mac OS X 10_15_7) AppleWebKit/537.36 (KHTML, like Gecko) Chrome/137.0.0.0 Safari/537.36","2025-06-12 19:17:22","2025-06-12 19:17:22"
80,1,127.0.0.1,"Mozilla/5.0 (Macintosh; Intel Mac OS X 10_15_7) AppleWebKit/537.36 (KHTML, like Gecko) Chrome/137.0.0.0 Safari/537.36","2025-06-12 19:17:22","2025-06-12 19:17:22"
81,1,127.0.0.1,"Mozilla/5.0 (Macintosh; Intel Mac OS X 10_15_7) AppleWebKit/537.36 (KHTML, like Gecko) Chrome/137.0.0.0 Safari/537.36","2025-06-13 11:51:58","2025-06-13 11:51:58"
82,1,127.0.0.1,"Mozilla/5.0 (Macintosh; Intel Mac OS X 10_15_7) AppleWebKit/537.36 (KHTML, like Gecko) Chrome/137.0.0.0 Safari/537.36","2025-06-13 11:51:58","2025-06-13 11:51:58"
83,9,127.0.0.1,"Mozilla/5.0 (Macintosh; Intel Mac OS X 10_15_7) AppleWebKit/605.1.15 (KHTML, like Gecko) Version/16.1 Safari/605.1.15","2025-06-13 11:53:00","2025-06-13 11:53:00"
84,9,127.0.0.1,"Mozilla/5.0 (Macintosh; Intel Mac OS X 10_15_7) AppleWebKit/605.1.15 (KHTML, like Gecko) Version/16.1 Safari/605.1.15","2025-06-13 11:53:00","2025-06-13 11:53:00"
85,9,127.0.0.1,"Mozilla/5.0 (Macintosh; Intel Mac OS X 10_15_7) AppleWebKit/537.36 (KHTML, like Gecko) Chrome/137.0.0.0 Safari/537.36","2025-06-13 11:58:13","2025-06-13 11:58:13"
86,9,127.0.0.1,"Mozilla/5.0 (Macintosh; Intel Mac OS X 10_15_7) AppleWebKit/537.36 (KHTML, like Gecko) Chrome/137.0.0.0 Safari/537.36","2025-06-13 11:58:13","2025-06-13 11:58:13"
87,1,127.0.0.1,"Mozilla/5.0 (Macintosh; Intel Mac OS X 10_15_7) AppleWebKit/537.36 (KHTML, like Gecko) Chrome/137.0.0.0 Safari/537.36","2025-06-13 12:00:21","2025-06-13 12:00:21"
88,1,127.0.0.1,"Mozilla/5.0 (Macintosh; Intel Mac OS X 10_15_7) AppleWebKit/537.36 (KHTML, like Gecko) Chrome/137.0.0.0 Safari/537.36","2025-06-13 12:00:21","2025-06-13 12:00:21"
89,9,127.0.0.1,"Mozilla/5.0 (Macintosh; Intel Mac OS X 10_15_7) AppleWebKit/537.36 (KHTML, like Gecko) Chrome/137.0.0.0 Safari/537.36","2025-06-13 12:03:09","2025-06-13 12:03:09"
90,9,127.0.0.1,"Mozilla/5.0 (Macintosh; Intel Mac OS X 10_15_7) AppleWebKit/537.36 (KHTML, like Gecko) Chrome/137.0.0.0 Safari/537.36","2025-06-13 12:03:09","2025-06-13 12:03:09"
91,9,127.0.0.1,"Mozilla/5.0 (Macintosh; Intel Mac OS X 10_15_7) AppleWebKit/537.36 (KHTML, like Gecko) Chrome/137.0.0.0 Safari/537.36","2025-06-13 12:07:16","2025-06-13 12:07:16"
92,9,127.0.0.1,"Mozilla/5.0 (Macintosh; Intel Mac OS X 10_15_7) AppleWebKit/537.36 (KHTML, like Gecko) Chrome/137.0.0.0 Safari/537.36","2025-06-13 12:07:16","2025-06-13 12:07:16"
93,9,127.0.0.1,"Mozilla/5.0 (Macintosh; Intel Mac OS X 10_15_7) AppleWebKit/537.36 (KHTML, like Gecko) Chrome/137.0.0.0 Safari/537.36","2025-06-13 12:12:34","2025-06-13 12:12:34"
94,9,127.0.0.1,"Mozilla/5.0 (Macintosh; Intel Mac OS X 10_15_7) AppleWebKit/537.36 (KHTML, like Gecko) Chrome/137.0.0.0 Safari/537.36","2025-06-13 12:12:34","2025-06-13 12:12:34"
95,9,127.0.0.1,"Mozilla/5.0 (Macintosh; Intel Mac OS X 10_15_7) AppleWebKit/537.36 (KHTML, like Gecko) Chrome/137.0.0.0 Safari/537.36","2025-06-13 18:47:37","2025-06-13 18:47:37"
96,9,127.0.0.1,"Mozilla/5.0 (Macintosh; Intel Mac OS X 10_15_7) AppleWebKit/537.36 (KHTML, like Gecko) Chrome/137.0.0.0 Safari/537.36","2025-06-13 18:47:37","2025-06-13 18:47:37"
97,1,127.0.0.1,"Mozilla/5.0 (Macintosh; Intel Mac OS X 10_15_7) AppleWebKit/537.36 (KHTML, like Gecko) Chrome/137.0.0.0 Safari/537.36","2025-06-13 18:50:32","2025-06-13 18:50:32"
98,1,127.0.0.1,"Mozilla/5.0 (Macintosh; Intel Mac OS X 10_15_7) AppleWebKit/537.36 (KHTML, like Gecko) Chrome/137.0.0.0 Safari/537.36","2025-06-13 18:50:32","2025-06-13 18:50:32"
99,9,127.0.0.1,"Mozilla/5.0 (Macintosh; Intel Mac OS X 10_15_7) AppleWebKit/537.36 (KHTML, like Gecko) Chrome/137.0.0.0 Safari/537.36","2025-06-13 18:56:23","2025-06-13 18:56:23"
100,9,127.0.0.1,"Mozilla/5.0 (Macintosh; Intel Mac OS X 10_15_7) AppleWebKit/537.36 (KHTML, like Gecko) Chrome/137.0.0.0 Safari/537.36","2025-06-13 18:56:23","2025-06-13 18:56:23"
101,1,127.0.0.1,"Mozilla/5.0 (Macintosh; Intel Mac OS X 10_15_7) AppleWebKit/537.36 (KHTML, like Gecko) Chrome/137.0.0.0 Safari/537.36","2025-06-14 11:57:40","2025-06-14 11:57:40"
102,1,127.0.0.1,"Mozilla/5.0 (Macintosh; Intel Mac OS X 10_15_7) AppleWebKit/537.36 (KHTML, like Gecko) Chrome/137.0.0.0 Safari/537.36","2025-06-14 11:57:40","2025-06-14 11:57:40"
103,8,127.0.0.1,"Mozilla/5.0 (Macintosh; Intel Mac OS X 10_15_7) AppleWebKit/537.36 (KHTML, like Gecko) Chrome/137.0.0.0 Safari/537.36","2025-06-14 12:00:32","2025-06-14 12:00:32"
104,8,127.0.0.1,"Mozilla/5.0 (Macintosh; Intel Mac OS X 10_15_7) AppleWebKit/537.36 (KHTML, like Gecko) Chrome/137.0.0.0 Safari/537.36","2025-06-14 12:00:32","2025-06-14 12:00:32"
105,1,127.0.0.1,"Mozilla/5.0 (Macintosh; Intel Mac OS X 10_15_7) AppleWebKit/537.36 (KHTML, like Gecko) Chrome/137.0.0.0 Safari/537.36","2025-06-14 17:56:29","2025-06-14 17:56:29"
106,1,127.0.0.1,"Mozilla/5.0 (Macintosh; Intel Mac OS X 10_15_7) AppleWebKit/537.36 (KHTML, like Gecko) Chrome/137.0.0.0 Safari/537.36","2025-06-14 17:56:29","2025-06-14 17:56:29"
107,8,127.0.0.1,"Mozilla/5.0 (Macintosh; Intel Mac OS X 10_15_7) AppleWebKit/537.36 (KHTML, like Gecko) Chrome/137.0.0.0 Safari/537.36","2025-06-14 21:03:31","2025-06-14 21:03:31"
108,8,127.0.0.1,"Mozilla/5.0 (Macintosh; Intel Mac OS X 10_15_7) AppleWebKit/537.36 (KHTML, like Gecko) Chrome/137.0.0.0 Safari/537.36","2025-06-14 21:03:31","2025-06-14 21:03:31"
109,1,127.0.0.1,"Mozilla/5.0 (Macintosh; Intel Mac OS X 10_15_7) AppleWebKit/537.36 (KHTML, like Gecko) Chrome/137.0.0.0 Safari/537.36","2025-06-16 10:57:42","2025-06-16 10:57:42"
110,1,127.0.0.1,"Mozilla/5.0 (Macintosh; Intel Mac OS X 10_15_7) AppleWebKit/537.36 (KHTML, like Gecko) Chrome/137.0.0.0 Safari/537.36","2025-06-16 10:57:42","2025-06-16 10:57:42"
111,9,127.0.0.1,"Mozilla/5.0 (Macintosh; Intel Mac OS X 10_15_7) AppleWebKit/605.1.15 (KHTML, like Gecko) Version/16.1 Safari/605.1.15","2025-06-16 10:59:26","2025-06-16 10:59:26"
112,9,127.0.0.1,"Mozilla/5.0 (Macintosh; Intel Mac OS X 10_15_7) AppleWebKit/605.1.15 (KHTML, like Gecko) Version/16.1 Safari/605.1.15","2025-06-16 10:59:26","2025-06-16 10:59:26"
113,9,127.0.0.1,"Mozilla/5.0 (Macintosh; Intel Mac OS X 10_15_7) AppleWebKit/605.1.15 (KHTML, like Gecko) Version/16.1 Safari/605.1.15","2025-06-16 16:40:20","2025-06-16 16:40:20"
114,9,127.0.0.1,"Mozilla/5.0 (Macintosh; Intel Mac OS X 10_15_7) AppleWebKit/605.1.15 (KHTML, like Gecko) Version/16.1 Safari/605.1.15","2025-06-16 16:40:20","2025-06-16 16:40:20"
115,9,127.0.0.1,"Mozilla/5.0 (Macintosh; Intel Mac OS X 10_15_7) AppleWebKit/537.36 (KHTML, like Gecko) Chrome/137.0.0.0 Safari/537.36","2025-06-17 05:33:21","2025-06-17 05:33:21"
116,9,127.0.0.1,"Mozilla/5.0 (Macintosh; Intel Mac OS X 10_15_7) AppleWebKit/537.36 (KHTML, like Gecko) Chrome/137.0.0.0 Safari/537.36","2025-06-17 05:33:21","2025-06-17 05:33:21"
117,9,127.0.0.1,"Mozilla/5.0 (Macintosh; Intel Mac OS X 10_15_7) AppleWebKit/537.36 (KHTML, like Gecko) Chrome/137.0.0.0 Safari/537.36","2025-06-17 17:37:14","2025-06-17 17:37:14"
118,9,127.0.0.1,"Mozilla/5.0 (Macintosh; Intel Mac OS X 10_15_7) AppleWebKit/537.36 (KHTML, like Gecko) Chrome/137.0.0.0 Safari/537.36","2025-06-17 17:37:14","2025-06-17 17:37:14"
119,9,127.0.0.1,"Mozilla/5.0 (Macintosh; Intel Mac OS X 10_15_7) AppleWebKit/537.36 (KHTML, like Gecko) Chrome/137.0.0.0 Safari/537.36","2025-06-18 19:05:32","2025-06-18 19:05:32"
120,9,127.0.0.1,"Mozilla/5.0 (Macintosh; Intel Mac OS X 10_15_7) AppleWebKit/537.36 (KHTML, like Gecko) Chrome/137.0.0.0 Safari/537.36","2025-06-18 19:05:32","2025-06-18 19:05:32"
121,1,127.0.0.1,"Mozilla/5.0 (Macintosh; Intel Mac OS X 10_15_7) AppleWebKit/537.36 (KHTML, like Gecko) Chrome/137.0.0.0 Safari/537.36","2025-06-19 06:11:13","2025-06-19 06:11:13"
122,1,127.0.0.1,"Mozilla/5.0 (Macintosh; Intel Mac OS X 10_15_7) AppleWebKit/537.36 (KHTML, like Gecko) Chrome/137.0.0.0 Safari/537.36","2025-06-19 06:11:13","2025-06-19 06:11:13"
123,9,127.0.0.1,"Mozilla/5.0 (Macintosh; Intel Mac OS X 10_15_7) AppleWebKit/605.1.15 (KHTML, like Gecko) Version/16.1 Safari/605.1.15","2025-06-19 06:13:27","2025-06-19 06:13:27"
124,9,127.0.0.1,"Mozilla/5.0 (Macintosh; Intel Mac OS X 10_15_7) AppleWebKit/605.1.15 (KHTML, like Gecko) Version/16.1 Safari/605.1.15","2025-06-19 06:13:27","2025-06-19 06:13:27"
125,9,127.0.0.1,"Mozilla/5.0 (Macintosh; Intel Mac OS X 10_15_7) AppleWebKit/537.36 (KHTML, like Gecko) Chrome/137.0.0.0 Safari/537.36","2025-06-19 06:27:05","2025-06-19 06:27:05"
126,9,127.0.0.1,"Mozilla/5.0 (Macintosh; Intel Mac OS X 10_15_7) AppleWebKit/537.36 (KHTML, like Gecko) Chrome/137.0.0.0 Safari/537.36","2025-06-19 06:27:05","2025-06-19 06:27:05"
127,9,127.0.0.1,"Mozilla/5.0 (Macintosh; Intel Mac OS X 10_15_7) AppleWebKit/537.36 (KHTML, like Gecko) Chrome/137.0.0.0 Safari/537.36","2025-06-19 18:03:42","2025-06-19 18:03:42"
128,9,127.0.0.1,"Mozilla/5.0 (Macintosh; Intel Mac OS X 10_15_7) AppleWebKit/537.36 (KHTML, like Gecko) Chrome/137.0.0.0 Safari/537.36","2025-06-19 18:03:42","2025-06-19 18:03:42"
129,1,127.0.0.1,"Mozilla/5.0 (Macintosh; Intel Mac OS X 10_15_7) AppleWebKit/537.36 (KHTML, like Gecko) Chrome/137.0.0.0 Safari/537.36","2025-06-20 11:38:21","2025-06-20 11:38:21"
130,1,127.0.0.1,"Mozilla/5.0 (Macintosh; Intel Mac OS X 10_15_7) AppleWebKit/537.36 (KHTML, like Gecko) Chrome/137.0.0.0 Safari/537.36","2025-06-20 11:38:21","2025-06-20 11:38:21"
131,8,127.0.0.1,"Mozilla/5.0 (Macintosh; Intel Mac OS X 10_15_7) AppleWebKit/537.36 (KHTML, like Gecko) Chrome/137.0.0.0 Safari/537.36","2025-06-20 11:41:21","2025-06-20 11:41:21"
132,8,127.0.0.1,"Mozilla/5.0 (Macintosh; Intel Mac OS X 10_15_7) AppleWebKit/537.36 (KHTML, like Gecko) Chrome/137.0.0.0 Safari/537.36","2025-06-20 11:41:21","2025-06-20 11:41:21"
133,8,127.0.0.1,"Mozilla/5.0 (Macintosh; Intel Mac OS X 10_15_7) AppleWebKit/537.36 (KHTML, like Gecko) Chrome/137.0.0.0 Safari/537.36","2025-06-20 20:11:04","2025-06-20 20:11:04"
134,8,127.0.0.1,"Mozilla/5.0 (Macintosh; Intel Mac OS X 10_15_7) AppleWebKit/537.36 (KHTML, like Gecko) Chrome/137.0.0.0 Safari/537.36","2025-06-20 20:11:04","2025-06-20 20:11:04"
135,8,127.0.0.1,"Mozilla/5.0 (Macintosh; Intel Mac OS X 10_15_7) AppleWebKit/537.36 (KHTML, like Gecko) Chrome/137.0.0.0 Safari/537.36","2025-06-21 06:30:35","2025-06-21 06:30:35"
136,8,127.0.0.1,"Mozilla/5.0 (Macintosh; Intel Mac OS X 10_15_7) AppleWebKit/537.36 (KHTML, like Gecko) Chrome/137.0.0.0 Safari/537.36","2025-06-21 06:30:35","2025-06-21 06:30:35"
137,8,127.0.0.1,"Mozilla/5.0 (Macintosh; Intel Mac OS X 10_15_7) AppleWebKit/537.36 (KHTML, like Gecko) Chrome/137.0.0.0 Safari/537.36","2025-06-21 11:07:18","2025-06-21 11:07:18"
138,8,127.0.0.1,"Mozilla/5.0 (Macintosh; Intel Mac OS X 10_15_7) AppleWebKit/537.36 (KHTML, like Gecko) Chrome/137.0.0.0 Safari/537.36","2025-06-21 11:07:18","2025-06-21 11:07:18"
139,1,127.0.0.1,"Mozilla/5.0 (Macintosh; Intel Mac OS X 10_15_7) AppleWebKit/605.1.15 (KHTML, like Gecko) Version/16.1 Safari/605.1.15","2025-06-21 12:41:57","2025-06-21 12:41:57"
140,1,127.0.0.1,"Mozilla/5.0 (Macintosh; Intel Mac OS X 10_15_7) AppleWebKit/605.1.15 (KHTML, like Gecko) Version/16.1 Safari/605.1.15","2025-06-21 12:41:57","2025-06-21 12:41:57"
141,8,127.0.0.1,"Mozilla/5.0 (Macintosh; Intel Mac OS X 10_15_7) AppleWebKit/537.36 (KHTML, like Gecko) Chrome/137.0.0.0 Safari/537.36","2025-06-21 18:30:10","2025-06-21 18:30:10"
142,8,127.0.0.1,"Mozilla/5.0 (Macintosh; Intel Mac OS X 10_15_7) AppleWebKit/537.36 (KHTML, like Gecko) Chrome/137.0.0.0 Safari/537.36","2025-06-21 18:30:10","2025-06-21 18:30:10"
143,1,127.0.0.1,"Mozilla/5.0 (Macintosh; Intel Mac OS X 10_15_7) AppleWebKit/605.1.15 (KHTML, like Gecko) Version/16.1 Safari/605.1.15","2025-06-21 20:19:14","2025-06-21 20:19:14"
144,1,127.0.0.1,"Mozilla/5.0 (Macintosh; Intel Mac OS X 10_15_7) AppleWebKit/605.1.15 (KHTML, like Gecko) Version/16.1 Safari/605.1.15","2025-06-21 20:19:14","2025-06-21 20:19:14"
145,8,127.0.0.1,"Mozilla/5.0 (Macintosh; Intel Mac OS X 10_15_7) AppleWebKit/537.36 (KHTML, like Gecko) Chrome/137.0.0.0 Safari/537.36","2025-06-23 09:17:58","2025-06-23 09:17:58"
146,8,127.0.0.1,"Mozilla/5.0 (Macintosh; Intel Mac OS X 10_15_7) AppleWebKit/537.36 (KHTML, like Gecko) Chrome/137.0.0.0 Safari/537.36","2025-06-23 09:17:58","2025-06-23 09:17:58"
147,1,127.0.0.1,"Mozilla/5.0 (Macintosh; Intel Mac OS X 10_15_7) AppleWebKit/605.1.15 (KHTML, like Gecko) Version/16.1 Safari/605.1.15","2025-06-23 09:34:58","2025-06-23 09:34:58"
148,1,127.0.0.1,"Mozilla/5.0 (Macintosh; Intel Mac OS X 10_15_7) AppleWebKit/605.1.15 (KHTML, like Gecko) Version/16.1 Safari/605.1.15","2025-06-23 09:34:58","2025-06-23 09:34:58"
149,8,127.0.0.1,"Mozilla/5.0 (Macintosh; Intel Mac OS X 10_15_7) AppleWebKit/537.36 (KHTML, like Gecko) Chrome/137.0.0.0 Safari/537.36","2025-06-24 06:36:57","2025-06-24 06:36:57"
150,8,127.0.0.1,"Mozilla/5.0 (Macintosh; Intel Mac OS X 10_15_7) AppleWebKit/537.36 (KHTML, like Gecko) Chrome/137.0.0.0 Safari/537.36","2025-06-24 06:36:57","2025-06-24 06:36:57"
